time_s,flux_Wb,emf_V,current_A,power_W,cumulative_energy_J
0.0,0.28,0.0,0.0,0.0,0.0
0.0001,0.27986184,2.763035,0.230253,0.636197,2.8e-05
0.0002,0.27944748,5.523343,0.460279,2.542276,0.00019584
0.0003,0.27875735,8.2782,0.68985,5.710716,0.00063012
0.0004,0.27779212,11.024887,0.918741,10.129011,0.00145635
0.0005,0.27655274,13.760694,1.146725,15.779726,0.00279852
0.0006,0.27504043,16.482921,1.373577,22.640558,0.00477856
0.0007,0.27325669,19.188882,1.599073,30.684432,0.00751591
0.0008,0.27120329,21.875905,1.822992,39.879602,0.01112699
0.0009,0.26888223,24.541339,2.045112,50.189779,0.0157248
0.001,0.26629582,27.182555,2.265213,61.574273,0.02141842
0.0011,0.26344662,29.796944,2.483079,73.988155,0.02831264
0.0012,0.26033742,32.381927,2.698494,87.382433,0.03650747
0.0013,0.2569713,34.934953,2.911246,101.704246,0.04609783
0.0014,0.25335157,37.453503,3.121125,116.897072,0.05717309
0.0015,0.24948183,39.93509,3.327924,132.900952,0.06981679
0.0016,0.24536587,42.377266,3.531439,149.652726,0.08410627
0.0017,0.24100777,44.777622,3.731468,167.086283,0.10011237
0.0018,0.23641182,47.133787,3.927816,185.13282,0.11789917
0.0019,0.23158256,49.443436,4.120286,203.721116,0.1375237
0.002,0.22652476,51.704291,4.308691,222.777811,0.15903577
0.0021,0.2212434,53.91412,4.492843,242.227697,0.1824777
0.0022,0.21574371,56.070743,4.672562,261.994015,0.20788423
0.0023,0.2100311,58.17203,4.847669,281.998756,0.23528232
0.0024,0.20411122,60.215908,5.017992,302.162969,0.26469109
0.0025,0.1979899,62.200361,5.183363,322.407077,0.29612172
0.0026,0.19167319,64.12343,5.343619,342.651185,0.32957739
0.0027,0.18516732,65.983216,5.498601,362.815399,0.36505332
0.0028,0.17847872,67.777885,5.648157,382.820139,0.40253674
0.0029,0.17161398,69.505665,5.792139,402.586457,0.44200695
0.003,0.16457987,71.164852,5.930404,422.036343,0.48343543
0.0031,0.15738335,72.753807,6.062817,441.093038,0.52678591
0.0032,0.1500315,74.270963,6.189247,459.681334,0.57201456
0.0033,0.1425316,75.714823,6.309569,477.727871,0.61907011
0.0034,0.13489103,77.083962,6.423663,495.161428,0.66789409
0.0035,0.12711734,78.377027,6.531419,511.913202,0.71842106
0.0036,0.1192182,79.592745,6.632729,527.917083,0.77057886
0.0037,0.11120141,80.729913,6.727493,543.109909,0.82428887
0.0038,0.10307487,81.787411,6.815618,557.431722,0.87946637
0.0039,0.09484662,82.764195,6.897016,570.826,0.93602083
0.004,0.08652476,83.659301,6.971608,583.239882,0.99385631
0.0041,0.07811751,84.471844,7.03932,594.624376,1.05287179
0.0042,0.06963317,85.201025,7.100085,604.934552,1.1129616
0.0043,0.06108011,85.846122,7.153844,614.129722,1.17401584
0.0044,0.05246677,86.406499,7.200542,622.173596,1.23592079
0.0045,0.04380165,86.881604,7.240134,629.034429,1.29855938
0.0046,0.03509331,87.270967,7.272581,634.685143,1.36181164
0.0047,0.02635033,87.574204,7.29785,639.103438,1.42555519
0.0048,0.01758135,87.791016,7.315918,642.271878,1.48966569
0.0049,0.00879501,87.921189,7.326766,644.177957,1.55401738
0.005,0.0,87.964594,7.330383,644.814154,1.61848353
0.0051,-0.00879501,87.921189,7.326766,644.177957,1.68293695
0.0052,-0.01758135,87.791016,7.315918,642.271878,1.74725051
0.0053,-0.02635033,87.574204,7.29785,639.103438,1.81129765
0.0054,-0.03509331,87.270967,7.272581,634.685143,1.87495283
0.0055,-0.04380165,86.881604,7.240134,629.034429,1.93809208
0.0056,-0.05246677,86.406499,7.200542,622.173596,2.00059346
0.0057,-0.06108011,85.846122,7.153844,614.129722,2.06233753
0.0058,-0.06963317,85.201025,7.100085,604.934552,2.12320786
0.0059,-0.07811751,84.471844,7.03932,594.624376,2.18309147
0.006,-0.08652476,83.659301,6.971608,583.239882,2.24187926
0.0061,-0.09484662,82.764195,6.897016,570.826,2.29946646
0.0062,-0.10307487,81.787411,6.815618,557.431722,2.35575304
0.0063,-0.11120141,80.729913,6.727493,543.109909,2.4106441
0.0064,-0.1192182,79.592745,6.632729,527.917083,2.46405026
0.0065,-0.12711734,78.377027,6.531419,511.913202,2.51588797
0.0066,-0.13489103,77.083962,6.423663,495.161428,2.56607991
0.0067,-0.1425316,75.714823,6.309569,477.727871,2.61455522
0.0068,-0.1500315,74.270963,6.189247,459.681334,2.66124984
0.0069,-0.15738335,72.753807,6.062817,441.093038,2.70610672
0.007,-0.16457987,71.164852,5.930404,422.036343,2.74907607
0.0071,-0.17161398,69.505665,5.792139,402.586457,2.79011555
0.0072,-0.17847872,67.777885,5.648157,382.820139,2.82919044
0.0073,-0.18516732,65.983216,5.498601,362.815399,2.86627376
0.0074,-0.19167319,64.12343,5.343619,342.651185,2.9013464
0.0075,-0.1979899,62.200361,5.183363,322.407077,2.9343972
0.0076,-0.20411122,60.215908,5.017992,302.162969,2.96542294
0.0077,-0.2100311,58.17203,4.847669,281.998756,2.99442842
0.0078,-0.21574371,56.070743,4.672562,261.994015,3.02142642
0.0079,-0.2212434,53.91412,4.492843,242.227697,3.04643762
0.008,-0.22652476,51.704291,4.308691,222.777811,3.06949056
0.0081,-0.23158256,49.443436,4.120286,203.721116,3.09062149
0.0082,-0.23641182,47.133787,3.927816,185.13282,3.10987426
0.0083,-0.24100777,44.777622,3.731468,167.086283,3.12730013
0.0084,-0.24536587,42.377266,3.531439,149.652726,3.14295756
0.0085,-0.24948183,39.93509,3.327924,132.900952,3.156912
0.0086,-0.25335157,37.453503,3.121125,116.897072,3.16923563
0.0087,-0.2569713,34.934953,2.911246,101.704246,3.18000703
0.0088,-0.26033742,32.381927,2.698494,87.382433,3.18931095
0.0089,-0.26344662,29.796944,2.483079,73.988155,3.1972379
0.009,-0.26629582,27.182555,2.265213,61.574273,3.20388383
0.0091,-0.26888223,24.541339,2.045112,50.189779,3.20934977
0.0092,-0.27120329,21.875905,1.822992,39.879602,3.21374137
0.0093,-0.27325669,19.188882,1.599073,30.684432,3.21716855
0.0094,-0.27504043,16.482921,1.373577,22.640558,3.21974502
0.0095,-0.27655274,13.760694,1.146725,15.779726,3.22158784
0.0096,-0.27779212,11.024887,0.918741,10.129011,3.222817
0.0097,-0.27875735,8.2782,0.68985,5.710716,3.22355486
0.0098,-0.27944748,5.523343,0.460279,2.542276,3.22392577
0.0099,-0.27986184,2.763035,0.230253,0.636197,3.2240555
0.01,-0.28,0.0,0.0,0.0,3.22407077
0.0101,-0.27986184,-2.763035,-0.230253,0.636197,3.22409877
0.0102,-0.27944748,-5.523343,-0.460279,2.542276,3.22426661
0.0103,-0.27875735,-8.2782,-0.68985,5.710716,3.22470089
0.0104,-0.27779212,-11.024887,-0.918741,10.129011,3.22552713
0.0105,-0.27655274,-13.760694,-1.146725,15.779726,3.22686929
0.0106,-0.27504043,-16.482921,-1.373577,22.640558,3.22884933
0.0107,-0.27325669,-19.188882,-1.599073,30.684432,3.23158668
0.0108,-0.27120329,-21.875905,-1.822992,39.879602,3.23519776
0.0109,-0.26888223,-24.541339,-2.045112,50.189779,3.23979557
0.011,-0.26629582,-27.182555,-2.265213,61.574273,3.24548919
0.0111,-0.26344662,-29.796944,-2.483079,73.988155,3.25238341
0.0112,-0.26033742,-32.381927,-2.698494,87.382433,3.26057824
0.0113,-0.2569713,-34.934953,-2.911246,101.704246,3.2701686
0.0114,-0.25335157,-37.453503,-3.121125,116.897072,3.28124386
0.0115,-0.24948183,-39.93509,-3.327924,132.900952,3.29388756
0.0116,-0.24536587,-42.377266,-3.531439,149.652726,3.30817704
0.0117,-0.24100777,-44.777622,-3.731468,167.086283,3.32418314
0.0118,-0.23641182,-47.133787,-3.927816,185.13282,3.34196994
0.0119,-0.23158256,-49.443436,-4.120286,203.721116,3.36159447
0.012,-0.22652476,-51.704291,-4.308691,222.777811,3.38310654
0.0121,-0.2212434,-53.91412,-4.492843,242.227697,3.40654847
0.0122,-0.21574371,-56.070743,-4.672562,261.994015,3.431955
0.0123,-0.2100311,-58.17203,-4.847669,281.998756,3.45935309
0.0124,-0.20411122,-60.215908,-5.017992,302.162969,3.48876186
0.0125,-0.1979899,-62.200361,-5.183363,322.407077,3.52019249
0.0126,-0.19167319,-64.12343,-5.343619,342.651185,3.55364816
0.0127,-0.18516732,-65.983216,-5.498601,362.815399,3.58912409
0.0128,-0.17847872,-67.777885,-5.648157,382.820139,3.62660751
0.0129,-0.17161398,-69.505665,-5.792139,402.586457,3.66607772
0.013,-0.16457987,-71.164852,-5.930404,422.036343,3.7075062
0.0131,-0.15738335,-72.753807,-6.062817,441.093038,3.75085669
0.0132,-0.1500315,-74.270963,-6.189247,459.681334,3.79608533
0.0133,-0.1425316,-75.714823,-6.309569,477.727871,3.84314088
0.0134,-0.13489103,-77.083962,-6.423663,495.161428,3.89196486
0.0135,-0.12711734,-78.377027,-6.531419,511.913202,3.94249183
0.0136,-0.1192182,-79.592745,-6.632729,527.917083,3.99464963
0.0137,-0.11120141,-80.729913,-6.727493,543.109909,4.04835964
0.0138,-0.10307487,-81.787411,-6.815618,557.431722,4.10353714
0.0139,-0.09484662,-82.764195,-6.897016,570.826,4.1600916
0.014,-0.08652476,-83.659301,-6.971608,583.239882,4.21792708
0.0141,-0.07811751,-84.471844,-7.03932,594.624376,4.27694256
0.0142,-0.06963317,-85.201025,-7.100085,604.934552,4.33703237
0.0143,-0.06108011,-85.846122,-7.153844,614.129722,4.39808661
0.0144,-0.05246677,-86.406499,-7.200542,622.173596,4.45999156
0.0145,-0.04380165,-86.881604,-7.240134,629.034429,4.52263015
0.0146,-0.03509331,-87.270967,-7.272581,634.685143,4.58588241
0.0147,-0.02635033,-87.574204,-7.29785,639.103438,4.64962596
0.0148,-0.01758135,-87.791016,-7.315918,642.271878,4.71373647
0.0149,-0.00879501,-87.921189,-7.326766,644.177957,4.77808815
0.015,0.0,-87.964594,-7.330383,644.814154,4.8425543
0.0151,0.00879501,-87.921189,-7.326766,644.177957,4.90700772
0.0152,0.01758135,-87.791016,-7.315918,642.271878,4.97132129
0.0153,0.02635033,-87.574204,-7.29785,639.103438,5.03536842
0.0154,0.03509331,-87.270967,-7.272581,634.685143,5.09902361
0.0155,0.04380165,-86.881604,-7.240134,629.034429,5.16216285
0.0156,0.05246677,-86.406499,-7.200542,622.173596,5.22466423
0.0157,0.06108011,-85.846122,-7.153844,614.129722,5.2864083
0.0158,0.06963317,-85.201025,-7.100085,604.934552,5.34727863
0.0159,0.07811751,-84.471844,-7.03932,594.624376,5.40716224
0.016,0.08652476,-83.659301,-6.971608,583.239882,5.46595003
0.0161,0.09484662,-82.764195,-6.897016,570.826,5.52353723
0.0162,0.10307487,-81.787411,-6.815618,557.431722,5.57982381
0.0163,0.11120141,-80.729913,-6.727493,543.109909,5.63471487
0.0164,0.1192182,-79.592745,-6.632729,527.917083,5.68812103
0.0165,0.12711734,-78.377027,-6.531419,511.913202,5.73995874
0.0166,0.13489103,-77.083962,-6.423663,495.161428,5.79015068
0.0167,0.1425316,-75.714823,-6.309569,477.727871,5.83862599
0.0168,0.1500315,-74.270963,-6.189247,459.681334,5.88532061
0.0169,0.15738335,-72.753807,-6.062817,441.093038,5.93017749
0.017,0.16457987,-71.164852,-5.930404,422.036343,5.97314684
0.0171,0.17161398,-69.505665,-5.792139,402.586457,6.01418632
0.0172,0.17847872,-67.777885,-5.648157,382.820139,6.05326121
0.0173,0.18516732,-65.983216,-5.498601,362.815399,6.09034453
0.0174,0.19167319,-64.12343,-5.343619,342.651185,6.12541718
0.0175,0.1979899,-62.200361,-5.183363,322.407077,6.15846797
0.0176,0.20411122,-60.215908,-5.017992,302.162969,6.18949371
0.0177,0.2100311,-58.17203,-4.847669,281.998756,6.2184992
0.0178,0.21574371,-56.070743,-4.672562,261.994015,6.24549719
0.0179,0.2212434,-53.91412,-4.492843,242.227697,6.27050839
0.018,0.22652476,-51.704291,-4.308691,222.777811,6.29356133
0.0181,0.23158256,-49.443436,-4.120286,203.721116,6.31469226
0.0182,0.23641182,-47.133787,-3.927816,185.13282,6.33394503
0.0183,0.24100777,-44.777622,-3.731468,167.086283,6.3513709
0.0184,0.24536587,-42.377266,-3.531439,149.652726,6.36702833
0.0185,0.24948183,-39.93509,-3.327924,132.900952,6.38098277
0.0186,0.25335157,-37.453503,-3.121125,116.897072,6.3933064
0.0187,0.2569713,-34.934953,-2.911246,101.704246,6.4040778
0.0188,0.26033742,-32.381927,-2.698494,87.382433,6.41338172
0.0189,0.26344662,-29.796944,-2.483079,73.988155,6.42130867
0.019,0.26629582,-27.182555,-2.265213,61.574273,6.4279546
0.0191,0.26888223,-24.541339,-2.045112,50.189779,6.43342054
0.0192,0.27120329,-21.875905,-1.822992,39.879602,6.43781214
0.0193,0.27325669,-19.188882,-1.599073,30.684432,6.44123932
0.0194,0.27504043,-16.482921,-1.373577,22.640558,6.44381579
0.0195,0.27655274,-13.760694,-1.146725,15.779726,6.44565862
0.0196,0.27779212,-11.024887,-0.918741,10.129011,6.44688777
0.0197,0.27875735,-8.2782,-0.68985,5.710716,6.44762564
0.0198,0.27944748,-5.523343,-0.460279,2.542276,6.44799654
0.0199,0.27986184,-2.763035,-0.230253,0.636197,6.44812627
0.02,0.28,-0.0,-0.0,0.0,6.44814154
0.0201,0.27986184,2.763035,0.230253,0.636197,6.44816954
0.0202,0.27944748,5.523343,0.460279,2.542276,6.44833739
0.0203,0.27875735,8.2782,0.68985,5.710716,6.44877166
0.0204,0.27779212,11.024887,0.918741,10.129011,6.4495979
0.0205,0.27655274,13.760694,1.146725,15.779726,6.45094006
0.0206,0.27504043,16.482921,1.373577,22.640558,6.45292011
0.0207,0.27325669,19.188882,1.599073,30.684432,6.45565745
0.0208,0.27120329,21.875905,1.822992,39.879602,6.45926853
0.0209,0.26888223,24.541339,2.045112,50.189779,6.46386634
0.021,0.26629582,27.182555,2.265213,61.574273,6.46955997
0.0211,0.26344662,29.796944,2.483079,73.988155,6.47645418
0.0212,0.26033742,32.381927,2.698494,87.382433,6.48464902
0.0213,0.2569713,34.934953,2.911246,101.704246,6.49423937
0.0214,0.25335157,37.453503,3.121125,116.897072,6.50531463
0.0215,0.24948183,39.93509,3.327924,132.900952,6.51795833
0.0216,0.24536587,42.377266,3.531439,149.652726,6.53224781
0.0217,0.24100777,44.777622,3.731468,167.086283,6.54825391
0.0218,0.23641182,47.133787,3.927816,185.13282,6.56604071
0.0219,0.23158256,49.443436,4.120286,203.721116,6.58566525
0.022,0.22652476,51.704291,4.308691,222.777811,6.60717731
0.0221,0.2212434,53.91412,4.492843,242.227697,6.63061924
0.0222,0.21574371,56.070743,4.672562,261.994015,6.65602577
0.0223,0.2100311,58.17203,4.847669,281.998756,6.68342386
0.0224,0.20411122,60.215908,5.017992,302.162969,6.71283263
0.0225,0.1979899,62.200361,5.183363,322.407077,6.74426326
0.0226,0.19167319,64.12343,5.343619,342.651185,6.77771893
0.0227,0.18516732,65.983216,5.498601,362.815399,6.81319486
0.0228,0.17847872,67.777885,5.648157,382.820139,6.85067828
0.0229,0.17161398,69.505665,5.792139,402.586457,6.89014849
0.023,0.16457987,71.164852,5.930404,422.036343,6.93157697
0.0231,0.15738335,72.753807,6.062817,441.093038,6.97492746
0.0232,0.1500315,74.270963,6.189247,459.681334,7.0201561
0.0233,0.1425316,75.714823,6.309569,477.727871,7.06721165
0.0234,0.13489103,77.083962,6.423663,495.161428,7.11603563
0.0235,0.12711734,78.377027,6.531419,511.913202,7.16656261
0.0236,0.1192182,79.592745,6.632729,527.917083,7.2187204
0.0237,0.11120141,80.729913,6.727493,543.109909,7.27243041
0.0238,0.10307487,81.787411,6.815618,557.431722,7.32760791
0.0239,0.09484662,82.764195,6.897016,570.826,7.38416237
0.024,0.08652476,83.659301,6.971608,583.239882,7.44199785
0.0241,0.07811751,84.471844,7.03932,594.624376,7.50101333
0.0242,0.06963317,85.201025,7.100085,604.934552,7.56110314
0.0243,0.06108011,85.846122,7.153844,614.129722,7.62215738
0.0244,0.05246677,86.406499,7.200542,622.173596,7.68406233
0.0245,0.04380165,86.881604,7.240134,629.034429,7.74670092
0.0246,0.03509331,87.270967,7.272581,634.685143,7.80995318
0.0247,0.02635033,87.574204,7.29785,639.103438,7.87369673
0.0248,0.01758135,87.791016,7.315918,642.271878,7.93780724
0.0249,0.00879501,87.921189,7.326766,644.177957,8.00215893
0.025,-0.0,87.964594,7.330383,644.814154,8.06662507
0.0251,-0.00879501,87.921189,7.326766,644.177957,8.13107849
0.0252,-0.01758135,87.791016,7.315918,642.271878,8.19539206
0.0253,-0.02635033,87.574204,7.29785,639.103438,8.25943919
0.0254,-0.03509331,87.270967,7.272581,634.685143,8.32309438
0.0255,-0.04380165,86.881604,7.240134,629.034429,8.38623363
0.0256,-0.05246677,86.406499,7.200542,622.173596,8.448735
0.0257,-0.06108011,85.846122,7.153844,614.129722,8.51047907
0.0258,-0.06963317,85.201025,7.100085,604.934552,8.5713494
0.0259,-0.07811751,84.471844,7.03932,594.624376,8.63123301
0.026,-0.08652476,83.659301,6.971608,583.239882,8.6900208
0.0261,-0.09484662,82.764195,6.897016,570.826,8.747608
0.0262,-0.10307487,81.787411,6.815618,557.431722,8.80389458
0.0263,-0.11120141,80.729913,6.727493,543.109909,8.85878564
0.0264,-0.1192182,79.592745,6.632729,527.917083,8.9121918
0.0265,-0.12711734,78.377027,6.531419,511.913202,8.96402951
0.0266,-0.13489103,77.083962,6.423663,495.161428,9.01422145
0.0267,-0.1425316,75.714823,6.309569,477.727871,9.06269676
0.0268,-0.1500315,74.270963,6.189247,459.681334,9.10939138
0.0269,-0.15738335,72.753807,6.062817,441.093038,9.15424826
0.027,-0.16457987,71.164852,5.930404,422.036343,9.19721761
0.0271,-0.17161398,69.505665,5.792139,402.586457,9.23825709
0.0272,-0.17847872,67.777885,5.648157,382.820139,9.27733198
0.0273,-0.18516732,65.983216,5.498601,362.815399,9.3144153
0.0274,-0.19167319,64.12343,5.343619,342.651185,9.34948795
0.0275,-0.1979899,62.200361,5.183363,322.407077,9.38253874
0.0276,-0.20411122,60.215908,5.017992,302.162969,9.41356448
0.0277,-0.2100311,58.17203,4.847669,281.998756,9.44256997
0.0278,-0.21574371,56.070743,4.672562,261.994015,9.46956796
0.0279,-0.2212434,53.91412,4.492843,242.227697,9.49457917
0.028,-0.22652476,51.704291,4.308691,222.777811,9.5176321
0.0281,-0.23158256,49.443436,4.120286,203.721116,9.53876303
0.0282,-0.23641182,47.133787,3.927816,185.13282,9.5580158
0.0283,-0.24100777,44.777622,3.731468,167.086283,9.57544167
0.0284,-0.24536587,42.377266,3.531439,149.652726,9.5910991
0.0285,-0.24948183,39.93509,3.327924,132.900952,9.60505355
0.0286,-0.25335157,37.453503,3.121125,116.897072,9.61737717
0.0287,-0.2569713,34.934953,2.911246,101.704246,9.62814857
0.0288,-0.26033742,32.381927,2.698494,87.382433,9.63745249
0.0289,-0.26344662,29.796944,2.483079,73.988155,9.64537944
0.029,-0.26629582,27.182555,2.265213,61.574273,9.65202538
0.0291,-0.26888223,24.541339,2.045112,50.189779,9.65749131
0.0292,-0.27120329,21.875905,1.822992,39.879602,9.66188292
0.0293,-0.27325669,19.188882,1.599073,30.684432,9.66531009
0.0294,-0.27504043,16.482921,1.373577,22.640558,9.66788656
0.0295,-0.27655274,13.760694,1.146725,15.779726,9.66972939
0.0296,-0.27779212,11.024887,0.918741,10.129011,9.67095854
0.0297,-0.27875735,8.2782,0.68985,5.710716,9.67169641
0.0298,-0.27944748,5.523343,0.460279,2.542276,9.67206732
0.0299,-0.27986184,2.763035,0.230253,0.636197,9.67219704
0.03,-0.28,-0.0,-0.0,0.0,9.67221231
0.0301,-0.27986184,-2.763035,-0.230253,0.636197,9.67224031
0.0302,-0.27944748,-5.523343,-0.460279,2.542276,9.67240816
0.0303,-0.27875735,-8.2782,-0.68985,5.710716,9.67284243
0.0304,-0.27779212,-11.024887,-0.918741,10.129011,9.67366867
0.0305,-0.27655274,-13.760694,-1.146725,15.779726,9.67501083
0.0306,-0.27504043,-16.482921,-1.373577,22.640558,9.67699088
0.0307,-0.27325669,-19.188882,-1.599073,30.684432,9.67972822
0.0308,-0.27120329,-21.875905,-1.822992,39.879602,9.6833393
0.0309,-0.26888223,-24.541339,-2.045112,50.189779,9.68793711
0.031,-0.26629582,-27.182555,-2.265213,61.574273,9.69363074
0.0311,-0.26344662,-29.796944,-2.483079,73.988155,9.70052495
0.0312,-0.26033742,-32.381927,-2.698494,87.382433,9.70871979
0.0313,-0.2569713,-34.934953,-2.911246,101.704246,9.71831014
0.0314,-0.25335157,-37.453503,-3.121125,116.897072,9.7293854
0.0315,-0.24948183,-39.93509,-3.327924,132.900952,9.7420291
0.0316,-0.24536587,-42.377266,-3.531439,149.652726,9.75631858
0.0317,-0.24100777,-44.777622,-3.731468,167.086283,9.77232468
0.0318,-0.23641182,-47.133787,-3.927816,185.13282,9.79011148
0.0319,-0.23158256,-49.443436,-4.120286,203.721116,9.80973602
0.032,-0.22652476,-51.704291,-4.308691,222.777811,9.83124808
0.0321,-0.2212434,-53.91412,-4.492843,242.227697,9.85469001
0.0322,-0.21574371,-56.070743,-4.672562,261.994015,9.88009654
0.0323,-0.2100311,-58.17203,-4.847669,281.998756,9.90749464
0.0324,-0.20411122,-60.215908,-5.017992,302.162969,9.93690341
0.0325,-0.1979899,-62.200361,-5.183363,322.407077,9.96833403
0.0326,-0.19167319,-64.12343,-5.343619,342.651185,10.0017897
0.0327,-0.18516732,-65.983216,-5.498601,362.815399,10.03726563
0.0328,-0.17847872,-67.777885,-5.648157,382.820139,10.07474905
0.0329,-0.17161398,-69.505665,-5.792139,402.586457,10.11421926
0.033,-0.16457987,-71.164852,-5.930404,422.036343,10.15564774
0.0331,-0.15738335,-72.753807,-6.062817,441.093038,10.19899823
0.0332,-0.1500315,-74.270963,-6.189247,459.681334,10.24422687
0.0333,-0.1425316,-75.714823,-6.309569,477.727871,10.29128242
0.0334,-0.13489103,-77.083962,-6.423663,495.161428,10.3401064
0.0335,-0.12711734,-78.377027,-6.531419,511.913202,10.39063338
0.0336,-0.1192182,-79.592745,-6.632729,527.917083,10.44279117
0.0337,-0.11120141,-80.729913,-6.727493,543.109909,10.49650118
0.0338,-0.10307487,-81.787411,-6.815618,557.431722,10.55167868
0.0339,-0.09484662,-82.764195,-6.897016,570.826,10.60823315
0.034,-0.08652476,-83.659301,-6.971608,583.239882,10.66606862
0.0341,-0.07811751,-84.471844,-7.03932,594.624376,10.7250841
0.0342,-0.06963317,-85.201025,-7.100085,604.934552,10.78517391
0.0343,-0.06108011,-85.846122,-7.153844,614.129722,10.84622815
0.0344,-0.05246677,-86.406499,-7.200542,622.173596,10.9081331
0.0345,-0.04380165,-86.881604,-7.240134,629.034429,10.97077169
0.0346,-0.03509331,-87.270967,-7.272581,634.685143,11.03402395
0.0347,-0.02635033,-87.574204,-7.29785,639.103438,11.0977675
0.0348,-0.01758135,-87.791016,-7.315918,642.271878,11.16187801
0.0349,-0.00879501,-87.921189,-7.326766,644.177957,11.2262297
0.035,0.0,-87.964594,-7.330383,644.814154,11.29069584
0.0351,0.00879501,-87.921189,-7.326766,644.177957,11.35514926
0.0352,0.01758135,-87.791016,-7.315918,642.271878,11.41946283
0.0353,0.02635033,-87.574204,-7.29785,639.103438,11.48350997
0.0354,0.03509331,-87.270967,-7.272581,634.685143,11.54716515
0.0355,0.04380165,-86.881604,-7.240134,629.034429,11.6103044
0.0356,0.05246677,-86.406499,-7.200542,622.173596,11.67280577
0.0357,0.06108011,-85.846122,-7.153844,614.129722,11.73454984
0.0358,0.06963317,-85.201025,-7.100085,604.934552,11.79542017
0.0359,0.07811751,-84.471844,-7.03932,594.624376,11.85530378
0.036,0.08652476,-83.659301,-6.971608,583.239882,11.91409157
0.0361,0.09484662,-82.764195,-6.897016,570.826,11.97167877
0.0362,0.10307487,-81.787411,-6.815618,557.431722,12.02796535
0.0363,0.11120141,-80.729913,-6.727493,543.109909,12.08285641
0.0364,0.1192182,-79.592745,-6.632729,527.917083,12.13626257
0.0365,0.12711734,-78.377027,-6.531419,511.913202,12.18810028
0.0366,0.13489103,-77.083962,-6.423663,495.161428,12.23829222
0.0367,0.1425316,-75.714823,-6.309569,477.727871,12.28676753
0.0368,0.1500315,-74.270963,-6.189247,459.681334,12.33346215
0.0369,0.15738335,-72.753807,-6.062817,441.093038,12.37831903
0.037,0.16457987,-71.164852,-5.930404,422.036343,12.42128838
0.0371,0.17161398,-69.505665,-5.792139,402.586457,12.46232786
0.0372,0.17847872,-67.777885,-5.648157,382.820139,12.50140275
0.0373,0.18516732,-65.983216,-5.498601,362.815399,12.53848607
0.0374,0.19167319,-64.12343,-5.343619,342.651185,12.57355872
0.0375,0.1979899,-62.200361,-5.183363,322.407077,12.60660951
0.0376,0.20411122,-60.215908,-5.017992,302.162969,12.63763525
0.0377,0.2100311,-58.17203,-4.847669,281.998756,12.66664074
0.0378,0.21574371,-56.070743,-4.672562,261.994015,12.69363874
0.0379,0.2212434,-53.91412,-4.492843,242.227697,12.71864994
0.038,0.22652476,-51.704291,-4.308691,222.777811,12.74170287
0.0381,0.23158256,-49.443436,-4.120286,203.721116,12.7628338
0.0382,0.23641182,-47.133787,-3.927816,185.13282,12.78208657
0.0383,0.24100777,-44.777622,-3.731468,167.086283,12.79951244
0.0384,0.24536587,-42.377266,-3.531439,149.652726,12.81516987
0.0385,0.24948183,-39.93509,-3.327924,132.900952,12.82912432
0.0386,0.25335157,-37.453503,-3.121125,116.897072,12.84144794
0.0387,0.2569713,-34.934953,-2.911246,101.704246,12.85221934
0.0388,0.26033742,-32.381927,-2.698494,87.382433,12.86152326
0.0389,0.26344662,-29.796944,-2.483079,73.988155,12.86945021
0.039,0.26629582,-27.182555,-2.265213,61.574273,12.87609615
0.0391,0.26888223,-24.541339,-2.045112,50.189779,12.88156208
0.0392,0.27120329,-21.875905,-1.822992,39.879602,12.88595369
0.0393,0.27325669,-19.188882,-1.599073,30.684432,12.88938086
0.0394,0.27504043,-16.482921,-1.373577,22.640558,12.89195733
0.0395,0.27655274,-13.760694,-1.146725,15.779726,12.89380016
0.0396,0.27779212,-11.024887,-0.918741,10.129011,12.89502931
0.0397,0.27875735,-8.2782,-0.68985,5.710716,12.89576718
0.0398,0.27944748,-5.523343,-0.460279,2.542276,12.89613809
0.0399,0.27986184,-2.763035,-0.230253,0.636197,12.89626781
0.04,0.28,-0.0,-0.0,0.0,12.89628308
0.0401,0.27986184,2.763035,0.230253,0.636197,12.89631108
0.0402,0.27944748,5.523343,0.460279,2.542276,12.89647893
0.0403,0.27875735,8.2782,0.68985,5.710716,12.89691321
0.0404,0.27779212,11.024887,0.918741,10.129011,12.89773944
0.0405,0.27655274,13.760694,1.146725,15.779726,12.89908161
0.0406,0.27504043,16.482921,1.373577,22.640558,12.90106165
0.0407,0.27325669,19.188882,1.599073,30.684432,12.90379899
0.0408,0.27120329,21.875905,1.822992,39.879602,12.90741007
0.0409,0.26888223,24.541339,2.045112,50.189779,12.91200788
0.041,0.26629582,27.182555,2.265213,61.574273,12.91770151
0.0411,0.26344662,29.796944,2.483079,73.988155,12.92459572
0.0412,0.26033742,32.381927,2.698494,87.382433,12.93279056
0.0413,0.2569713,34.934953,2.911246,101.704246,12.94238091
0.0414,0.25335157,37.453503,3.121125,116.897072,12.95345617
0.0415,0.24948183,39.93509,3.327924,132.900952,12.96609987
0.0416,0.24536587,42.377266,3.531439,149.652726,12.98038935
0.0417,0.24100777,44.777622,3.731468,167.086283,12.99639545
0.0418,0.23641182,47.133787,3.927816,185.13282,13.01418225
0.0419,0.23158256,49.443436,4.120286,203.721116,13.03380679
0.042,0.22652476,51.704291,4.308691,222.777811,13.05531885
0.0421,0.2212434,53.91412,4.492843,242.227697,13.07876079
0.0422,0.21574371,56.070743,4.672562,261.994015,13.10416731
0.0423,0.2100311,58.17203,4.847669,281.998756,13.13156541
0.0424,0.20411122,60.215908,5.017992,302.162969,13.16097418
0.0425,0.1979899,62.200361,5.183363,322.407077,13.1924048
0.0426,0.19167319,64.12343,5.343619,342.651185,13.22586047
0.0427,0.18516732,65.983216,5.498601,362.815399,13.2613364
0.0428,0.17847872,67.777885,5.648157,382.820139,13.29881982
0.0429,0.17161398,69.505665,5.792139,402.586457,13.33829003
0.043,0.16457987,71.164852,5.930404,422.036343,13.37971851
0.0431,0.15738335,72.753807,6.062817,441.093038,13.423069
0.0432,0.1500315,74.270963,6.189247,459.681334,13.46829764
0.0433,0.1425316,75.714823,6.309569,477.727871,13.51535319
0.0434,0.13489103,77.083962,6.423663,495.161428,13.56417718
0.0435,0.12711734,78.377027,6.531419,511.913202,13.61470415
0.0436,0.1192182,79.592745,6.632729,527.917083,13.66686194
0.0437,0.11120141,80.729913,6.727493,543.109909,13.72057195
0.0438,0.10307487,81.787411,6.815618,557.431722,13.77574945
0.0439,0.09484662,82.764195,6.897016,570.826,13.83230392
0.044,0.08652476,83.659301,6.971608,583.239882,13.89013939
0.0441,0.07811751,84.471844,7.03932,594.624376,13.94915487
0.0442,0.06963317,85.201025,7.100085,604.934552,14.00924469
0.0443,0.06108011,85.846122,7.153844,614.129722,14.07029892
0.0444,0.05246677,86.406499,7.200542,622.173596,14.13220387
0.0445,0.04380165,86.881604,7.240134,629.034429,14.19484246
0.0446,0.03509331,87.270967,7.272581,634.685143,14.25809472
0.0447,0.02635033,87.574204,7.29785,639.103438,14.32183827
0.0448,0.01758135,87.791016,7.315918,642.271878,14.38594878
0.0449,0.00879501,87.921189,7.326766,644.177957,14.45030047
0.045,-0.0,87.964594,7.330383,644.814154,14.51476661
0.0451,-0.00879501,87.921189,7.326766,644.177957,14.57922003
0.0452,-0.01758135,87.791016,7.315918,642.271878,14.6435336
0.0453,-0.02635033,87.574204,7.29785,639.103438,14.70758074
0.0454,-0.03509331,87.270967,7.272581,634.685143,14.77123592
0.0455,-0.04380165,86.881604,7.240134,629.034429,14.83437517
0.0456,-0.05246677,86.406499,7.200542,622.173596,14.89687654
0.0457,-0.06108011,85.846122,7.153844,614.129722,14.95862061
0.0458,-0.06963317,85.201025,7.100085,604.934552,15.01949094
0.0459,-0.07811751,84.471844,7.03932,594.624376,15.07937455
0.046,-0.08652476,83.659301,6.971608,583.239882,15.13816234
0.0461,-0.09484662,82.764195,6.897016,570.826,15.19574954
0.0462,-0.10307487,81.787411,6.815618,557.431722,15.25203612
0.0463,-0.11120141,80.729913,6.727493,543.109909,15.30692719
0.0464,-0.1192182,79.592745,6.632729,527.917083,15.36033334
0.0465,-0.12711734,78.377027,6.531419,511.913202,15.41217106
0.0466,-0.13489103,77.083962,6.423663,495.161428,15.46236299
0.0467,-0.1425316,75.714823,6.309569,477.727871,15.5108383
0.0468,-0.1500315,74.270963,6.189247,459.681334,15.55753292
0.0469,-0.15738335,72.753807,6.062817,441.093038,15.6023898
0.047,-0.16457987,71.164852,5.930404,422.036343,15.64535915
0.0471,-0.17161398,69.505665,5.792139,402.586457,15.68639863
0.0472,-0.17847872,67.777885,5.648157,382.820139,15.72547352
0.0473,-0.18516732,65.983216,5.498601,362.815399,15.76255684
0.0474,-0.19167319,64.12343,5.343619,342.651185,15.79762949
0.0475,-0.1979899,62.200361,5.183363,322.407077,15.83068028
0.0476,-0.20411122,60.215908,5.017992,302.162969,15.86170602
0.0477,-0.2100311,58.17203,4.847669,281.998756,15.89071151
0.0478,-0.21574371,56.070743,4.672562,261.994015,15.91770951
0.0479,-0.2212434,53.91412,4.492843,242.227697,15.94272071
0.048,-0.22652476,51.704291,4.308691,222.777811,15.96577364
0.0481,-0.23158256,49.443436,4.120286,203.721116,15.98690457
0.0482,-0.23641182,47.133787,3.927816,185.13282,16.00615734
0.0483,-0.24100777,44.777622,3.731468,167.086283,16.02358321
0.0484,-0.24536587,42.377266,3.531439,149.652726,16.03924064
0.0485,-0.24948183,39.93509,3.327924,132.900952,16.05319509
0.0486,-0.25335157,37.453503,3.121125,116.897072,16.06551871
0.0487,-0.2569713,34.934953,2.911246,101.704246,16.07629011
0.0488,-0.26033742,32.381927,2.698494,87.382433,16.08559403
0.0489,-0.26344662,29.796944,2.483079,73.988155,16.09352098
0.049,-0.26629582,27.182555,2.265213,61.574273,16.10016692
0.0491,-0.26888223,24.541339,2.045112,50.189779,16.10563285
0.0492,-0.27120329,21.875905,1.822992,39.879602,16.11002446
0.0493,-0.27325669,19.188882,1.599073,30.684432,16.11345164
0.0494,-0.27504043,16.482921,1.373577,22.640558,16.1160281
0.0495,-0.27655274,13.760694,1.146725,15.779726,16.11787093
0.0496,-0.27779212,11.024887,0.918741,10.129011,16.11910008
0.0497,-0.27875735,8.2782,0.68985,5.710716,16.11983795
0.0498,-0.27944748,5.523343,0.460279,2.542276,16.12020886
0.0499,-0.27986184,2.763035,0.230253,0.636197,16.12033858
0.05,-0.28,-0.0,-0.0,0.0,16.12035386
0.0501,-0.27986184,-2.763035,-0.230253,0.636197,16.12038185
0.0502,-0.27944748,-5.523343,-0.460279,2.542276,16.1205497
0.0503,-0.27875735,-8.2782,-0.68985,5.710716,16.12098398
0.0504,-0.27779212,-11.024887,-0.918741,10.129011,16.12181021
0.0505,-0.27655274,-13.760694,-1.146725,15.779726,16.12315238
0.0506,-0.27504043,-16.482921,-1.373577,22.640558,16.12513242
0.0507,-0.27325669,-19.188882,-1.599073,30.684432,16.12786976
0.0508,-0.27120329,-21.875905,-1.822992,39.879602,16.13148084
0.0509,-0.26888223,-24.541339,-2.045112,50.189779,16.13607865
0.051,-0.26629582,-27.182555,-2.265213,61.574273,16.14177228
0.0511,-0.26344662,-29.796944,-2.483079,73.988155,16.14866649
0.0512,-0.26033742,-32.381927,-2.698494,87.382433,16.15686133
0.0513,-0.2569713,-34.934953,-2.911246,101.704246,16.16645168
0.0514,-0.25335157,-37.453503,-3.121125,116.897072,16.17752694
0.0515,-0.24948183,-39.93509,-3.327924,132.900952,16.19017064
0.0516,-0.24536587,-42.377266,-3.531439,149.652726,16.20446012
0.0517,-0.24100777,-44.777622,-3.731468,167.086283,16.22046622
0.0518,-0.23641182,-47.133787,-3.927816,185.13282,16.23825302
0.0519,-0.23158256,-49.443436,-4.120286,203.721116,16.25787756
0.052,-0.22652476,-51.704291,-4.308691,222.777811,16.27938962
0.0521,-0.2212434,-53.91412,-4.492843,242.227697,16.30283156
0.0522,-0.21574371,-56.070743,-4.672562,261.994015,16.32823808
0.0523,-0.2100311,-58.17203,-4.847669,281.998756,16.35563618
0.0524,-0.20411122,-60.215908,-5.017992,302.162969,16.38504495
0.0525,-0.1979899,-62.200361,-5.183363,322.407077,16.41647557
0.0526,-0.19167319,-64.12343,-5.343619,342.651185,16.44993125
0.0527,-0.18516732,-65.983216,-5.498601,362.815399,16.48540717
0.0528,-0.17847872,-67.777885,-5.648157,382.820139,16.52289059
0.0529,-0.17161398,-69.505665,-5.792139,402.586457,16.56236081
0.053,-0.16457987,-71.164852,-5.930404,422.036343,16.60378928
0.0531,-0.15738335,-72.753807,-6.062817,441.093038,16.64713977
0.0532,-0.1500315,-74.270963,-6.189247,459.681334,16.69236841
0.0533,-0.1425316,-75.714823,-6.309569,477.727871,16.73942396
0.0534,-0.13489103,-77.083962,-6.423663,495.161428,16.78824795
0.0535,-0.12711734,-78.377027,-6.531419,511.913202,16.83877492
0.0536,-0.1192182,-79.592745,-6.632729,527.917083,16.89093271
0.0537,-0.11120141,-80.729913,-6.727493,543.109909,16.94464272
0.0538,-0.10307487,-81.787411,-6.815618,557.431722,16.99982022
0.0539,-0.09484662,-82.764195,-6.897016,570.826,17.05637469
0.054,-0.08652476,-83.659301,-6.971608,583.239882,17.11421017
0.0541,-0.07811751,-84.471844,-7.03932,594.624376,17.17322564
0.0542,-0.06963317,-85.201025,-7.100085,604.934552,17.23331546
0.0543,-0.06108011,-85.846122,-7.153844,614.129722,17.29436969
0.0544,-0.05246677,-86.406499,-7.200542,622.173596,17.35627464
0.0545,-0.04380165,-86.881604,-7.240134,629.034429,17.41891323
0.0546,-0.03509331,-87.270967,-7.272581,634.685143,17.48216549
0.0547,-0.02635033,-87.574204,-7.29785,639.103438,17.54590904
0.0548,-0.01758135,-87.791016,-7.315918,642.271878,17.61001955
0.0549,-0.00879501,-87.921189,-7.326766,644.177957,17.67437124
0.055,0.0,-87.964594,-7.330383,644.814154,17.73883738
0.0551,0.00879501,-87.921189,-7.326766,644.177957,17.8032908
0.0552,0.01758135,-87.791016,-7.315918,642.271878,17.86760437
0.0553,0.02635033,-87.574204,-7.29785,639.103438,17.93165151
0.0554,0.03509331,-87.270967,-7.272581,634.685143,17.99530669
0.0555,0.04380165,-86.881604,-7.240134,629.034429,18.05844594
0.0556,0.05246677,-86.406499,-7.200542,622.173596,18.12094731
0.0557,0.06108011,-85.846122,-7.153844,614.129722,18.18269138
0.0558,0.06963317,-85.201025,-7.100085,604.934552,18.24356172
0.0559,0.07811751,-84.471844,-7.03932,594.624376,18.30344532
0.056,0.08652476,-83.659301,-6.971608,583.239882,18.36223311
0.0561,0.09484662,-82.764195,-6.897016,570.826,18.41982031
0.0562,0.10307487,-81.787411,-6.815618,557.431722,18.47610689
0.0563,0.11120141,-80.729913,-6.727493,543.109909,18.53099796
0.0564,0.1192182,-79.592745,-6.632729,527.917083,18.58440411
0.0565,0.12711734,-78.377027,-6.531419,511.913202,18.63624183
0.0566,0.13489103,-77.083962,-6.423663,495.161428,18.68643376
0.0567,0.1425316,-75.714823,-6.309569,477.727871,18.73490908
0.0568,0.1500315,-74.270963,-6.189247,459.681334,18.78160369
0.0569,0.15738335,-72.753807,-6.062817,441.093038,18.82646057
0.057,0.16457987,-71.164852,-5.930404,422.036343,18.86942992
0.0571,0.17161398,-69.505665,-5.792139,402.586457,18.9104694
0.0572,0.17847872,-67.777885,-5.648157,382.820139,18.94954429
0.0573,0.18516732,-65.983216,-5.498601,362.815399,18.98662761
0.0574,0.19167319,-64.12343,-5.343619,342.651185,19.02170026
0.0575,0.1979899,-62.200361,-5.183363,322.407077,19.05475105
0.0576,0.20411122,-60.215908,-5.017992,302.162969,19.08577679
0.0577,0.2100311,-58.17203,-4.847669,281.998756,19.11478228
0.0578,0.21574371,-56.070743,-4.672562,261.994015,19.14178028
0.0579,0.2212434,-53.91412,-4.492843,242.227697,19.16679148
0.058,0.22652476,-51.704291,-4.308691,222.777811,19.18984441
0.0581,0.23158256,-49.443436,-4.120286,203.721116,19.21097535
0.0582,0.23641182,-47.133787,-3.927816,185.13282,19.23022812
0.0583,0.24100777,-44.777622,-3.731468,167.086283,19.24765398
0.0584,0.24536587,-42.377266,-3.531439,149.652726,19.26331142
0.0585,0.24948183,-39.93509,-3.327924,132.900952,19.27726586
0.0586,0.25335157,-37.453503,-3.121125,116.897072,19.28958948
0.0587,0.2569713,-34.934953,-2.911246,101.704246,19.30036089
0.0588,0.26033742,-32.381927,-2.698494,87.382433,19.3096648
0.0589,0.26344662,-29.796944,-2.483079,73.988155,19.31759175
0.059,0.26629582,-27.182555,-2.265213,61.574273,19.32423769
0.0591,0.26888223,-24.541339,-2.045112,50.189779,19.32970363
0.0592,0.27120329,-21.875905,-1.822992,39.879602,19.33409523
0.0593,0.27325669,-19.188882,-1.599073,30.684432,19.33752241
0.0594,0.27504043,-16.482921,-1.373577,22.640558,19.34009887
0.0595,0.27655274,-13.760694,-1.146725,15.779726,19.3419417
0.0596,0.27779212,-11.024887,-0.918741,10.129011,19.34317085
0.0597,0.27875735,-8.2782,-0.68985,5.710716,19.34390872
0.0598,0.27944748,-5.523343,-0.460279,2.542276,19.34427963
0.0599,0.27986184,-2.763035,-0.230253,0.636197,19.34440935
